{
  "Week1": {
    "routes": [
      {
        "vehicle": "1130",
        "start": [33.36164, -111.66684],
        "end": [33.35918,-111.6689],
        "stops": {
          "Monday": [
            [33.3616, -111.66684],
            [33.36154, -111.66771],
            [33.36191, -111.6685],
            [33.36257, -111.66805],
            [33.36325, -111.66682],
            [33.36327, -111.66679],
            [33.36268, -111.6691],
            [33.36265, -111.66999],
            [33.36093, -111.66733],
            [33.3612, -111.66878],
            [33.3619, -111.66966],
            [33.35918, -111.6689]
          ]
        },
        "cans": 20,
        "hours": 6
      },
      {
        "vehicle": "1187",
        "start": [33.42892,-111.82422],
        "end": [33.41097,-111.67808],
        "stops": {
          "Thursday": [
            [33.42892, -111.82422],
            [33.40801, -111.67637],
            [33.408, -111.67674],
            [33.40799, -111.67703],
            [33.40798, -111.67779],
            [33.40874, -111.67801],
            [33.40873, -111.67743],
            [33.40873, -111.67693],
            [33.40871, -111.67664],
            [33.40877, -111.67731],
            [33.40876, -111.67794],
            [33.40946, -111.67812],
            [33.40942, -111.67667],
            [33.41006, -111.67666],
            [33.41019, -111.67664],
            [33.4102, -111.67677],
            [33.41021, -111.67758],
            [33.41092, -111.67715],
            [33.41092, -111.67631],
            [33.41097, -111.67652],
            [33.41097, -111.67695],
            [33.41097, -111.6780]
          ]
        },
        "cans": 12,
        "hours": 8
      }
    ],
    "activeDays": {
      "Monday": ["1130"],
      "Thursday": ["1187"]
    }
  },
  "Week2": {
    "routes": [],
    "activeDays": {
      "Monday":[]
    }
  },
  "Week3": {
    "routes": [],
    "activeDays": {
      "Monday":[]
    }
  },
  "Week4": {
    "routes": [],
    "activeDays": {
      "Monday":[]
    }
  }
}